<?xml version="1.0" encoding="UTF-8" standalone="no"?>
<configurations>
	<configuration>
		<databases default="propel">

			<database name="postgres" class="AgaviPostgresqlDatabase">
				<parameters>
					<parameter name="host">localhost</parameter>
					<parameter name="username">username</parameter>
					<parameter name="password">passphrase</parameter>
					<parameter name="database">sample</parameter>
				</parameters>
			</database>

			<database name="propel" class="AgaviPropelDatabase">
				<parameters>
					<parameter name="config">%core.app_dir%/config/project-conf.php</parameter>
				</parameters>
			</database>

		</databases>
	</configuration>
</configurations>
