<?xml version="1.0" encoding="UTF-8" standalone="no"?>
<configurations>
	
	<configuration>
		
		<controller class="AgaviController" />
		
		<database_manager class="AgaviDatabaseManager" />
		
		<dispatch_filter class="AgaviDispatchFilter" />
		
		<execution_container class="AgaviExecutionContainer" />
		
		<execution_filter class="AgaviExecutionFilter" />
		
		<filter_chain class="AgaviFilterChain" />
		
		<logger_manager class="AgaviLoggerManager" />
		
		<request class="AgaviWebRequest" />
		
		<response class="AgaviWebResponse" />
		
		<routing class="AgaviWebRouting" />
		
		<security_filter class="AgaviSecurityFilter" />
		
		<storage class="AgaviSessionStorage" />
		
		<translation_manager class="AgaviTranslationManager" />
		
		<user class="AgaviSecurityUser" />
		
		<validation_manager class="AgaviValidationManager" />
		
	</configuration>
	
	<configuration environment="development">
		
		<response class="AgaviWebResponse">
			<parameter name="send_content_length">false</parameter>
		</response>
	
	</configuration>
	
</configurations>