<?xml version="1.0" encoding="UTF-8" standalone="no"?>
<configurations>

	<configuration>
		<output_types default="html">

			<output_type name="html">
				<renderers default="php">
					<renderer name="php" class="AgaviPhpRenderer">
						<parameters>
							<parameter name="assigns">
								<parameters>
									<parameter name="routing">ro</parameter>
									<parameter name="request">rq</parameter>
									<parameter name="controller">ct</parameter>
									<parameter name="user">us</parameter>
									<parameter name="translation_manager">tm</parameter>
									<parameter name="request_data">rd</parameter>
								</parameters>
							</parameter>
						</parameters>
					</renderer>
				</renderers>
				<layouts default="default"> 
					<layout name="default"> 
						<layers>
							<layer name="content" /> 
						</layers> 
					</layout> 
				</layouts> 
				<parameters>
					<parameter name="http_headers">
						<parameter name="Content-Type">text/html; charset=UTF-8</parameter>
					</parameter>
				</parameters>
			</output_type>

		</output_types>
	</configuration>

</configurations>