<?xml version="1.0" encoding="UTF-8" standalone="no"?>
<!--
+~~~~~~~~~~~~~~~~~~~~~~~~~~~~~~~~~~~~~~~~~~~~~~~~~~~~~~~~~~~~~~~~~~~~~~~~~~~~+
| This file is part of the Agavi package.                                    |
| Copyright (c) 2006 the Agavi Project.                                      |
+~~~~~~~~~~~~~~~~~~~~~~~~~~~~~~~~~~~~~~~~~~~~~~~~~~~~~~~~~~~~~~~~~~~~~~~~~~~~+
-->
<configurations>
	<configuration>
		
		<available_locales default_locale="en_US">
			<!-- English, United States -->
			<available_locale identifier="en_US">
				<parameters>
					<parameter name="description">English</parameter>
				</parameters>
			</available_locale>
		</available_locales>
		
		<translators default_domain="default">
			<translator domain="default">
				
				<message_translator class="AgaviGettextTranslator">
					<parameters>
						<parameter name="text_domains">
						</parameter>
					</parameters>
				</message_translator>

				<number_formatter>
					<parameter name="type">number</parameter>
				</number_formatter>

				<currency_formatter>
					<parameter name="type">currency</parameter>
				</currency_formatter>

				<date_formatter>
                    <parameters>
                        <parameter name="type">datetime</parameter>
                        <parameter name="format">medium</parameter>
                    </parameters>
                </date_formatter>
			
    			
			</translator>


		</translators>
		
	</configuration>
</configurations>